{"cameraMode":{"drawMode":0,"name":"Shaded","section":"Shading Mode"},"sceneLighting":true,"audioPlay":false,"sceneViewState":{"showFog":true,"showMaterialUpdate":true,"showSkybox":true,"showFlares":true,"showImageEffects":true,"showParticleSystems":true},"in2DMode":false,"pivot":{"x":-1.5399855375289918,"y":3.2912423610687258,"z":4.413479328155518},"rotation":{"x":0.0032825844828039409,"y":-0.98125159740448,"z":0.19197165966033936,"w":0.016779230907559396},"size":5.814652442932129,"orthographic":false}