{"cameraMode":{"drawMode":0,"name":"Shaded","section":"Shading Mode"},"sceneLighting":false,"audioPlay":false,"sceneViewState":{"showFog":true,"showMaterialUpdate":true,"showSkybox":true,"showFlares":true,"showImageEffects":true,"showParticleSystems":true},"in2DMode":false,"pivot":{"x":323.75115966796877,"y":156.36106872558595,"z":53.53633499145508},"rotation":{"x":0.1319287270307541,"y":-0.16164618730545045,"z":0.021801089867949487,"w":0.9777474403381348},"size":642.5565795898438,"orthographic":false}