{"cameraMode":{"drawMode":0,"name":"Shaded","section":"Shading Mode"},"sceneLighting":true,"audioPlay":false,"sceneViewState":{"showFog":true,"showMaterialUpdate":true,"showSkybox":true,"showFlares":true,"showImageEffects":true,"showParticleSystems":true},"in2DMode":false,"pivot":{"x":-4.739245891571045,"y":-3.326003074645996,"z":-17.605314254760743},"rotation":{"x":-0.018658358603715898,"y":0.981215238571167,"z":-0.12759900093078614,"w":-0.14348195493221284},"size":22.75816535949707,"orthographic":false}