{"cameraMode":{"drawMode":0,"name":"Shaded","section":"Shading Mode"},"sceneLighting":true,"audioPlay":false,"sceneViewState":{"showFog":true,"showMaterialUpdate":true,"showSkybox":true,"showFlares":true,"showImageEffects":true,"showParticleSystems":true},"in2DMode":false,"pivot":{"x":-332.3913269042969,"y":-167.266845703125,"z":-730.0618286132813},"rotation":{"x":0.02197534777224064,"y":-0.9721176624298096,"z":0.1015816330909729,"w":0.21020351350307465},"size":874.3098754882813,"orthographic":false}